{
  "materials": [
    {
      "item": {
        "type": "forge:partial_nbt",
        "item": "tacz:modern_kinetic_gun",
        "nbt": {
          "GunId": "immersive_armorer:standard_rail_pistol_mk1"
        }
      },
      "count": 1
    },
    {
      "item": {
        "tag": "forge:ingots/iron"
      },
      "count": 6
    },
    {
      "item": {
        "tag": "forge:ingots/copper"
      },
      "count": 4
    },
    {
      "item": {
        "tag": "minecraft:logs"
      },
      "count": 4
    },
    {
      "item": {
        "tag": "forge:glass"
      },
      "count": 4
    }
  ],
  "result": {
    "type": "gun",
    "id": "immersive_armorer:standard_rail_pistol_mk2"
  }
}