{
	"format_version": "1.12.0",
	"minecraft:geometry": [
		{
			"description": {
				"identifier": "geometry.unknown",
				"texture_width": 32,
				"texture_height": 32,
				"visible_bounds_width": 4,
				"visible_bounds_height": 2.5,
				"visible_bounds_offset": [0, 0.75, 0]
			},
			"bones": [
				{
					"name": "base",
					"pivot": [0, 0, 0]
				},
				{
					"name": "gun2",
					"parent": "base",
					"pivot": [-3, 0, 0]
				},
				{
					"name": "gun_positioning2",
					"parent": "gun2",
					"pivot": [-3, 0, 0]
				},
				{
					"name": "muzzle_flash",
					"parent": "gun_positioning2",
					"pivot": [0.00625, 4.9125, -8.3]
				},
				{
					"name": "scope_pos",
					"parent": "gun_positioning2",
					"pivot": [0, 6.139, 1.75]
				},
				{
					"name": "main2",
					"parent": "gun2",
					"pivot": [-3, 0, 0],
					"cubes": [
						{
							"origin": [-0.499, -0.25, 1.75],
							"size": [0.998, 3.5, 2],
							"pivot": [0.5, 1, 2.75],
							"rotation": [22.5, 0, 0],
							"uv": {
								"north": {"uv": [9, 0], "uv_size": [1, 3.5]},
								"east": {"uv": [4, 4], "uv_size": [2, 3.5]},
								"south": {"uv": [9, 8], "uv_size": [1, 3.5]},
								"west": {"uv": [6, 0], "uv_size": [2, 3.5]},
								"up": {"uv": [10, 2], "uv_size": [1, 2]},
								"down": {"uv": [12, 11], "uv_size": [1, -2]}
							}
						},
						{
							"origin": [-0.5, -0.77217, 2.15223],
							"size": [1, 1, 2],
							"uv": {
								"north": {"uv": [16, 6], "uv_size": [1, 1]},
								"east": {"uv": [12, 11], "uv_size": [2, 1]},
								"south": {"uv": [7, 16], "uv_size": [1, 1]},
								"west": {"uv": [12, 12], "uv_size": [2, 1]},
								"up": {"uv": [13, 0], "uv_size": [1, 2]},
								"down": {"uv": [13, 4], "uv_size": [1, -2]}
							}
						},
						{
							"origin": [-0.5, 2.69605, 0.96508],
							"size": [1, 1.5, 2],
							"uv": {
								"north": {"uv": [14, 0], "uv_size": [1, 1.5]},
								"east": {"uv": [10, 0], "uv_size": [2, 1.5]},
								"south": {"uv": [2, 14], "uv_size": [1, 1.5]},
								"west": {"uv": [2, 10], "uv_size": [2, 1.5]},
								"up": {"uv": [9, 13], "uv_size": [1, 2]},
								"down": {"uv": [13, 11], "uv_size": [1, -2]}
							}
						},
						{
							"origin": [-0.4142, 3.88896, -7.32193],
							"size": [0.82842, 1.99999, 4],
							"pivot": [0, 4.88896, -5.32193],
							"rotation": [0, 0, 45],
							"uv": {
								"north": {"uv": [15, 0], "uv_size": [0.75, 2]},
								"south": {"uv": [3, 15], "uv_size": [0.75, 2]},
								"up": {"uv": [11, 8], "uv_size": [0.75, 4]},
								"down": {"uv": [0, 16], "uv_size": [0.75, -4]}
							}
						},
						{
							"origin": [-0.41421, 3.88898, -7.32193],
							"size": [0.82841, 1.99998, 4],
							"pivot": [0, 4.88896, -5.32193],
							"rotation": [0, 0, 90],
							"uv": {
								"north": {"uv": [14, 11], "uv_size": [0.75, 2]},
								"south": {"uv": [14, 13], "uv_size": [0.75, 2]},
								"up": {"uv": [10, 8], "uv_size": [0.75, 4]},
								"down": {"uv": [11, 6], "uv_size": [0.75, -4]}
							}
						},
						{
							"origin": [-0.41422, 3.88897, -7.32193],
							"size": [0.82842, 1.99998, 4],
							"pivot": [0, 4.88896, -5.32193],
							"rotation": [0, 0, 135],
							"uv": {
								"north": {"uv": [14, 5], "uv_size": [0.75, 2]},
								"south": {"uv": [14, 9], "uv_size": [0.75, 2]},
								"up": {"uv": [6, 10], "uv_size": [0.75, 4]},
								"down": {"uv": [7, 14], "uv_size": [0.75, -4]}
							}
						},
						{
							"origin": [-0.375, 2.69605, -1.53492],
							"size": [0.75, 0.25, 2.5],
							"uv": {
								"north": {"uv": [5, 20], "uv_size": [0.75, 0.25]},
								"east": {"uv": [2, 17], "uv_size": [2.5, 0.25]},
								"south": {"uv": [20, 5], "uv_size": [0.75, 0.25]},
								"west": {"uv": [5, 17], "uv_size": [2.5, 0.25]},
								"up": {"uv": [12, 13], "uv_size": [0.75, 2.5]},
								"down": {"uv": [13, 15.5], "uv_size": [0.75, -2.5]}
							}
						},
						{
							"origin": [-0.375, 2.69605, -1.78492],
							"size": [0.75, 1.5, 0.25],
							"uv": {
								"north": {"uv": [15, 10], "uv_size": [0.75, 1.5]},
								"east": {"uv": [13, 18], "uv_size": [0.25, 1.5]},
								"south": {"uv": [15, 12], "uv_size": [0.75, 1.5]},
								"west": {"uv": [18, 13], "uv_size": [0.25, 1.5]},
								"up": {"uv": [6, 20], "uv_size": [0.75, 0.25]},
								"down": {"uv": [20, 6.25], "uv_size": [0.75, -0.25]}
							}
						},
						{
							"origin": [-0.25, 3.44605, -0.03492],
							"size": [0.5, 0.75, 0.25],
							"uv": {
								"north": {"uv": [14, 18], "uv_size": [0.5, 0.75]},
								"east": {"uv": [7, 20], "uv_size": [0.25, 0.75]},
								"south": {"uv": [15, 18], "uv_size": [0.5, 0.75]},
								"west": {"uv": [20, 7], "uv_size": [0.25, 0.75]},
								"up": {"uv": [10, 20], "uv_size": [0.5, 0.25]},
								"down": {"uv": [20, 10.25], "uv_size": [0.5, -0.25]}
							}
						},
						{
							"origin": [-0.25, 3.03595, -0.09814],
							"size": [0.5, 0.4375, 0.25],
							"pivot": [0, 3.09845, 0.02686],
							"rotation": [-10, 0, 0],
							"uv": {
								"north": {"uv": [19, 0], "uv_size": [0.5, 0.5]},
								"east": {"uv": [11, 20], "uv_size": [0.25, 0.5]},
								"south": {"uv": [1, 19], "uv_size": [0.5, 0.5]},
								"west": {"uv": [20, 11], "uv_size": [0.25, 0.5]},
								"up": {"uv": [12, 20], "uv_size": [0.5, 0.25]},
								"down": {"uv": [20, 12.25], "uv_size": [0.5, -0.25]}
							}
						},
						{
							"origin": [-0.75, 4.19605, -2.03492],
							"size": [1.5, 1.5, 5.5],
							"uv": {
								"north": {"uv": [2, 12], "uv_size": [1.5, 1.5]},
								"east": {"uv": [0, 0], "uv_size": [5.5, 1.5]},
								"south": {"uv": [12, 4], "uv_size": [1.5, 1.5]},
								"west": {"uv": [0, 2], "uv_size": [5.5, 1.5]},
								"up": {"uv": [0, 4], "uv_size": [1.5, 5.5]},
								"down": {"uv": [2, 9.5], "uv_size": [1.5, -5.5]}
							}
						},
						{
							"origin": [-0.375, 4.52417, -7.53492],
							"size": [0.75, 0.75, 5.5],
							"pivot": [0, 4.89917, -4.78492],
							"rotation": [0, 0, 45],
							"uv": {
								"north": {"uv": [17, 6], "uv_size": [0.75, 0.75]},
								"east": {"uv": [8, 6], "uv_size": [5.5, 0.75]},
								"south": {"uv": [17, 7], "uv_size": [0.75, 0.75]},
								"west": {"uv": [8, 7], "uv_size": [5.5, 0.75]},
								"up": {"uv": [5, 8], "uv_size": [0.75, 5.5]},
								"down": {"uv": [8, 13.5], "uv_size": [0.75, -5.5]}
							}
						},
						{
							"origin": [0.75, 5.38355, -1.72242],
							"size": [2.5, 0.5, 0.5],
							"pivot": [-10, 4.94605, 0.71508],
							"rotation": [22.5, 0, 0],
							"uv": {
								"north": {"uv": [14, 7], "uv_size": [2.5, 0.5]},
								"east": {"uv": [7, 19], "uv_size": [0.5, 0.5]},
								"south": {"uv": [7, 15], "uv_size": [2.5, 0.5]},
								"west": {"uv": [19, 7], "uv_size": [0.5, 0.5]},
								"up": {"uv": [15, 8], "uv_size": [2.5, 0.5]},
								"down": {"uv": [15, 9.5], "uv_size": [2.5, -0.5]}
							}
						},
						{
							"origin": [1, 6.13355, -1.72242],
							"size": [2.25, 1, 0.5],
							"pivot": [-10, 4.94605, 0.71508],
							"rotation": [22.5, 0, 0],
							"uv": {
								"north": {"uv": [12, 8], "uv_size": [2.25, 1]},
								"east": {"uv": [10, 17], "uv_size": [0.5, 1]},
								"south": {"uv": [9, 12], "uv_size": [2.25, 1]},
								"west": {"uv": [11, 17], "uv_size": [0.5, 1]},
								"up": {"uv": [16, 1], "uv_size": [2.25, 0.5]},
								"down": {"uv": [16, 5.5], "uv_size": [2.25, -0.5]}
							}
						},
						{
							"origin": [1.0625, 5.88355, -1.65992],
							"size": [2.125, 0.5, 0.375],
							"pivot": [-10, 4.94605, 0.71508],
							"rotation": [22.5, 0, 0],
							"uv": {
								"north": {"uv": [14, 15], "uv_size": [2.25, 0.5]},
								"east": {"uv": [8, 19], "uv_size": [0.5, 0.5]},
								"south": {"uv": [15, 14], "uv_size": [2.25, 0.5]},
								"west": {"uv": [19, 8], "uv_size": [0.5, 0.5]},
								"up": {"uv": [0, 16], "uv_size": [2.25, 0.5]},
								"down": {"uv": [16, 0.5], "uv_size": [2.25, -0.5]}
							}
						},
						{
							"origin": [-0.5, 3.69605, -8.03492],
							"size": [1, 0.25, 6],
							"uv": {
								"north": {"uv": [19, 1], "uv_size": [1, 0.25]},
								"east": {"uv": [14, 2], "uv_size": [6, 0.25]},
								"south": {"uv": [2, 19], "uv_size": [1, 0.25]},
								"west": {"uv": [3, 14], "uv_size": [6, 0.25]},
								"up": {"uv": [6, 4], "uv_size": [1, 6]},
								"down": {"uv": [7, 10], "uv_size": [1, -6]}
							}
						},
						{
							"origin": [-0.5, 5.94605, -8.03492],
							"size": [1, 0.25, 6],
							"uv": {
								"north": {"uv": [3, 19], "uv_size": [1, 0.25]},
								"east": {"uv": [14, 3], "uv_size": [6, 0.25]},
								"south": {"uv": [4, 19], "uv_size": [1, 0.25]},
								"west": {"uv": [14, 4], "uv_size": [6, 0.25]},
								"up": {"uv": [8, 0], "uv_size": [1, 6]},
								"down": {"uv": [4, 14], "uv_size": [1, -6]}
							}
						},
						{
							"origin": [0.26517, 5.6291, -7.78492],
							"size": [1, 0.25, 0.5],
							"pivot": [0.76517, 5.7541, -5.03492],
							"rotation": [0, 0, 45],
							"uv": {
								"north": {"uv": [9, 19], "uv_size": [1, 0.25]},
								"east": {"uv": [13, 20], "uv_size": [0.5, 0.25]},
								"south": {"uv": [19, 9], "uv_size": [1, 0.25]},
								"west": {"uv": [20, 13], "uv_size": [0.5, 0.25]},
								"up": {"uv": [12, 17], "uv_size": [1, 0.5]},
								"down": {"uv": [13, 17.5], "uv_size": [1, -0.5]}
							}
						},
						{
							"origin": [-1.26517, 5.6291, -7.78492],
							"size": [1, 0.25, 0.5],
							"pivot": [-0.76517, 5.7541, -5.03492],
							"rotation": [0, 0, -45],
							"uv": {
								"north": {"uv": [10, 19], "uv_size": [1, 0.25]},
								"east": {"uv": [14, 20], "uv_size": [0.5, 0.25]},
								"south": {"uv": [11, 19], "uv_size": [1, 0.25]},
								"west": {"uv": [20, 14], "uv_size": [0.5, 0.25]},
								"up": {"uv": [14, 17], "uv_size": [1, 0.5]},
								"down": {"uv": [15, 17.5], "uv_size": [1, -0.5]}
							}
						},
						{
							"origin": [-1.04105, 4.55404, -7.78492],
							"size": [1, 0.25, 0.5],
							"pivot": [0, 4.13799, -7.53492],
							"rotation": [0, 0, 135],
							"uv": {
								"north": {"uv": [14, 19], "uv_size": [1, 0.25]},
								"east": {"uv": [16, 20], "uv_size": [0.5, 0.25]},
								"south": {"uv": [19, 14], "uv_size": [1, 0.25]},
								"west": {"uv": [20, 16], "uv_size": [0.5, 0.25]},
								"up": {"uv": [17, 17], "uv_size": [1, 0.5]},
								"down": {"uv": [0, 18.5], "uv_size": [1, -0.5]}
							}
						},
						{
							"origin": [0.58211, 4.86394, -7.78492],
							"size": [1.08579, 0.25, 0.5],
							"pivot": [1.08211, 4.98894, -7.53492],
							"rotation": [0, 0, 90],
							"uv": {
								"north": {"uv": [15, 19], "uv_size": [1, 0.25]},
								"east": {"uv": [17, 20], "uv_size": [0.5, 0.25]},
								"south": {"uv": [16, 19], "uv_size": [1, 0.25]},
								"west": {"uv": [20, 17], "uv_size": [0.5, 0.25]},
								"up": {"uv": [1, 18], "uv_size": [1, 0.5]},
								"down": {"uv": [2, 18.5], "uv_size": [1, -0.5]}
							}
						},
						{
							"origin": [-1.66789, 4.86394, -7.78492],
							"size": [1.08579, 0.25, 0.5],
							"pivot": [-1.08211, 4.98894, -7.53492],
							"rotation": [0, 0, -90],
							"uv": {
								"north": {"uv": [17, 19], "uv_size": [1, 0.25]},
								"east": {"uv": [18, 20], "uv_size": [0.5, 0.25]},
								"south": {"uv": [18, 19], "uv_size": [1, 0.25]},
								"west": {"uv": [20, 18], "uv_size": [0.5, 0.25]},
								"up": {"uv": [3, 18], "uv_size": [1, 0.5]},
								"down": {"uv": [4, 18.5], "uv_size": [1, -0.5]}
							}
						},
						{
							"origin": [0.04105, 4.55404, -7.78492],
							"size": [1, 0.25, 0.5],
							"pivot": [0, 4.13799, -7.53492],
							"rotation": [0, 0, -135],
							"uv": {
								"north": {"uv": [12, 19], "uv_size": [1, 0.25]},
								"east": {"uv": [15, 20], "uv_size": [0.5, 0.25]},
								"south": {"uv": [19, 13], "uv_size": [1, 0.25]},
								"west": {"uv": [20, 15], "uv_size": [0.5, 0.25]},
								"up": {"uv": [17, 15], "uv_size": [1, 0.5]},
								"down": {"uv": [16, 17.5], "uv_size": [1, -0.5]}
							}
						},
						{
							"origin": [-1.26517, 5.6291, -3.03492],
							"size": [1, 0.25, 0.5],
							"pivot": [-0.76517, 5.7541, -0.28492],
							"rotation": [0, 0, -45],
							"uv": {
								"north": {"uv": [4, 20], "uv_size": [1, 0.25]},
								"east": {"uv": [21, 3], "uv_size": [0.5, 0.25]},
								"south": {"uv": [20, 4], "uv_size": [1, 0.25]},
								"west": {"uv": [4, 21], "uv_size": [0.5, 0.25]},
								"up": {"uv": [11, 18], "uv_size": [1, 0.5]},
								"down": {"uv": [12, 18.5], "uv_size": [1, -0.5]}
							}
						},
						{
							"origin": [-1.66789, 4.86394, -3.03492],
							"size": [1.08579, 0.25, 0.5],
							"pivot": [-1.08211, 4.98894, -2.78492],
							"rotation": [0, 0, -90],
							"uv": {
								"north": {"uv": [3, 20], "uv_size": [1, 0.25]},
								"east": {"uv": [21, 2], "uv_size": [0.5, 0.25]},
								"south": {"uv": [20, 3], "uv_size": [1, 0.25]},
								"west": {"uv": [3, 21], "uv_size": [0.5, 0.25]},
								"up": {"uv": [18, 9], "uv_size": [1, 0.5]},
								"down": {"uv": [10, 18.5], "uv_size": [1, -0.5]}
							}
						},
						{
							"origin": [0.04105, 4.55404, -3.03492],
							"size": [1, 0.25, 0.5],
							"pivot": [0, 4.13799, -2.78492],
							"rotation": [0, 0, -135],
							"uv": {
								"north": {"uv": [2, 20], "uv_size": [1, 0.25]},
								"east": {"uv": [21, 1], "uv_size": [0.5, 0.25]},
								"south": {"uv": [20, 2], "uv_size": [1, 0.25]},
								"west": {"uv": [2, 21], "uv_size": [0.5, 0.25]},
								"up": {"uv": [18, 8], "uv_size": [1, 0.5]},
								"down": {"uv": [9, 18.5], "uv_size": [1, -0.5]}
							}
						},
						{
							"origin": [-1.04105, 4.55404, -3.03492],
							"size": [1, 0.25, 0.5],
							"pivot": [0, 4.13799, -2.78492],
							"rotation": [0, 0, 135],
							"uv": {
								"north": {"uv": [1, 20], "uv_size": [1, 0.25]},
								"east": {"uv": [21, 0], "uv_size": [0.5, 0.25]},
								"south": {"uv": [20, 1], "uv_size": [1, 0.25]},
								"west": {"uv": [1, 21], "uv_size": [0.5, 0.25]},
								"up": {"uv": [18, 7], "uv_size": [1, 0.5]},
								"down": {"uv": [8, 18.5], "uv_size": [1, -0.5]}
							}
						},
						{
							"origin": [0.58211, 4.86394, -3.03492],
							"size": [1.08579, 0.25, 0.5],
							"pivot": [1.08211, 4.98894, -2.78492],
							"rotation": [0, 0, 90],
							"uv": {
								"north": {"uv": [0, 20], "uv_size": [1, 0.25]},
								"east": {"uv": [20, 20], "uv_size": [0.5, 0.25]},
								"south": {"uv": [20, 0], "uv_size": [1, 0.25]},
								"west": {"uv": [0, 21], "uv_size": [0.5, 0.25]},
								"up": {"uv": [18, 6], "uv_size": [1, 0.5]},
								"down": {"uv": [7, 18.5], "uv_size": [1, -0.5]}
							}
						},
						{
							"origin": [0.26517, 5.6291, -3.03492],
							"size": [1, 0.25, 0.5],
							"pivot": [0.76517, 5.7541, -0.28492],
							"rotation": [0, 0, 45],
							"uv": {
								"north": {"uv": [19, 18], "uv_size": [1, 0.25]},
								"east": {"uv": [19, 20], "uv_size": [0.5, 0.25]},
								"south": {"uv": [19, 19], "uv_size": [1, 0.25]},
								"west": {"uv": [20, 19], "uv_size": [0.5, 0.25]},
								"up": {"uv": [5, 18], "uv_size": [1, 0.5]},
								"down": {"uv": [6, 18.5], "uv_size": [1, -0.5]}
							}
						},
						{
							"origin": [-0.5, 3.86134, -3.00199],
							"size": [1, 0.25, 1.25],
							"pivot": [0, 3.98634, -0.00199],
							"rotation": [-45, 0, 0],
							"uv": {
								"north": {"uv": [5, 19], "uv_size": [1, 0.25]},
								"east": {"uv": [18, 15], "uv_size": [1.25, 0.25]},
								"south": {"uv": [19, 5], "uv_size": [1, 0.25]},
								"west": {"uv": [16, 18], "uv_size": [1.25, 0.25]},
								"up": {"uv": [4, 15], "uv_size": [1, 1.25]},
								"down": {"uv": [5, 16.25], "uv_size": [1, -1.25]}
							}
						},
						{
							"origin": [-0.5, 5.78075, -3.00199],
							"size": [1, 0.25, 1.25],
							"pivot": [0, 5.90575, -0.00199],
							"rotation": [45, 0, 0],
							"uv": {
								"north": {"uv": [6, 19], "uv_size": [1, 0.25]},
								"east": {"uv": [18, 16], "uv_size": [1.25, 0.25]},
								"south": {"uv": [19, 6], "uv_size": [1, 0.25]},
								"west": {"uv": [18, 17], "uv_size": [1.25, 0.25]},
								"up": {"uv": [15, 5], "uv_size": [1, 1.25]},
								"down": {"uv": [6, 16.25], "uv_size": [1, -1.25]}
							}
						},
						{
							"origin": [-0.25, 5.63896, -1.07193],
							"size": [0.5, 0.25, 4],
							"uv": {
								"north": {"uv": [21, 4], "uv_size": [0.5, 0.25]},
								"east": {"uv": [16, 10], "uv_size": [4, 0.25]},
								"south": {"uv": [5, 21], "uv_size": [0.5, 0.25]},
								"west": {"uv": [16, 11], "uv_size": [4, 0.25]},
								"up": {"uv": [10, 13], "uv_size": [0.5, 4]},
								"down": {"uv": [11, 17], "uv_size": [0.5, -4]}
							}
						},
						{
							"origin": [-0.375, 5.88896, -1.07193],
							"size": [0.75, 0.25, 4],
							"uv": {
								"north": {"uv": [8, 20], "uv_size": [0.75, 0.25]},
								"east": {"uv": [12, 16], "uv_size": [4, 0.25]},
								"south": {"uv": [20, 8], "uv_size": [0.75, 0.25]},
								"west": {"uv": [16, 12], "uv_size": [4, 0.25]},
								"up": {"uv": [12, 0], "uv_size": [0.75, 4]},
								"down": {"uv": [1, 16], "uv_size": [0.75, -4]}
							}
						},
						{
							"origin": [-0.875, 4.69605, 1.96508],
							"size": [1.75, 0.5, 1.75],
							"uv": {
								"north": {"uv": [8, 16], "uv_size": [1.75, 0.5]},
								"east": {"uv": [16, 13], "uv_size": [1.75, 0.5]},
								"south": {"uv": [16, 16], "uv_size": [1.75, 0.5]},
								"west": {"uv": [0, 17], "uv_size": [1.75, 0.5]},
								"up": {"uv": [9, 4], "uv_size": [1.75, 1.75]},
								"down": {"uv": [0, 11.75], "uv_size": [1.75, -1.75]}
							}
						},
						{
							"origin": [-0.25, 4.44605, 3.34008],
							"size": [0.5, 1, 0.25],
							"uv": {
								"north": {"uv": [8, 17], "uv_size": [0.5, 1]},
								"east": {"uv": [18, 18], "uv_size": [0.25, 1]},
								"south": {"uv": [9, 17], "uv_size": [0.5, 1]},
								"west": {"uv": [0, 19], "uv_size": [0.25, 1]},
								"up": {"uv": [9, 20], "uv_size": [0.5, 0.25]},
								"down": {"uv": [20, 9.25], "uv_size": [0.5, -0.25]}
							}
						}
					]
				},
				{
					"name": "positioning",
					"pivot": [0, 0, 0]
				},
				{
					"name": "thirdperson_hand",
					"parent": "positioning",
					"pivot": [0, 3.275, 1.15]
				},
				{
					"name": "ground",
					"parent": "positioning",
					"pivot": [0, -0.9, -2.35]
				},
				{
					"name": "fixed",
					"parent": "positioning",
					"pivot": [0, 3.1, -1.775],
					"rotation": [0, -90, 0]
				}
			]
		}
	]
}