{
  "materials": [
    {
      "item": {
        "type": "forge:partial_nbt",
        "item": "tacz:modern_kinetic_gun",
        "nbt": {
          "GunId": "immersive_armorer:standard_rail_pistol_mk2"
        }
      },
      "count": 1
    },
    {
      "item": {
        "item": "immersiveengineering:wirecoil_electrum"
      },
      "count": 4
    },
    {
      "item": {
        "tag": "forge:ingots/steel"
      },
      "count": 2
    },
    {
      "item": {
        "tag": "forge:treated_wood"
      },
      "count": 4
    }
  ],
  "result": {
    "type": "gun",
    "id": "immersive_armorer:standard_rail_pistol_mk3"
  }
}