{
	"format_version": "1.12.0",
	"minecraft:geometry": [
		{
			"description": {
				"identifier": "geometry.unknown",
				"texture_width": 16,
				"texture_height": 16,
				"visible_bounds_width": 2,
				"visible_bounds_height": 1.5,
				"visible_bounds_offset": [0, 0.25, 0]
			},
			"bones": [
				{
					"name": "muzzle",
					"pivot": [0, 0, 0],
					"cubes": [
						{
							"origin": [0.56066, 1.48223, -2],
							"size": [0.70711, 0.25, 2],
							"pivot": [1.26777, -0.76777, 4],
							"rotation": [0, 0, -45],
							"uv": {
								"north": {"uv": [12, 2], "uv_size": [0.75, 0.25]},
								"up": {"uv": [6, 2], "uv_size": [0.75, 2]},
								"down": {"uv": [3, 8], "uv_size": [0.75, -2]}
							}
						},
						{
							"origin": [-0.5, 0.75, -2],
							"size": [1, 0.25, 2],
							"uv": {
								"north": {"uv": [7, 11], "uv_size": [1, 0.25]},
								"up": {"uv": [4, 4], "uv_size": [1, 2]},
								"down": {"uv": [5, 6], "uv_size": [1, -2]}
							}
						},
						{
							"origin": [-1.26777, 1.48223, -2],
							"size": [0.70711, 0.25, 2],
							"pivot": [-1.26777, -0.76777, 4],
							"rotation": [0, 0, 45],
							"uv": {
								"north": {"uv": [3, 12], "uv_size": [0.75, 0.25]},
								"up": {"uv": [4, 6], "uv_size": [0.75, 2]},
								"down": {"uv": [6, 6], "uv_size": [0.75, -2]}
							}
						},
						{
							"origin": [0.75, -2.5, -2],
							"size": [0.25, 3, 2],
							"uv": {
								"north": {"uv": [0, 8], "uv_size": [0.25, 3]},
								"east": {"uv": [0, 0], "uv_size": [2, 3]},
								"west": {"uv": [2, 0], "uv_size": [2, 3]}
							}
						},
						{
							"origin": [-1, -2.5, -2],
							"size": [0.25, 3, 2],
							"uv": {
								"north": {"uv": [8, 0], "uv_size": [0.25, 3]},
								"east": {"uv": [0, 3], "uv_size": [2, 3]},
								"west": {"uv": [2, 3], "uv_size": [2, 3]}
							}
						},
						{
							"origin": [1, -2, -1.5],
							"size": [0.25, 2, 1],
							"uv": {
								"north": {"uv": [2, 8], "uv_size": [0.25, 2]},
								"south": {"uv": [3, 8], "uv_size": [0.25, 2]},
								"west": {"uv": [0, 6], "uv_size": [1, 2]},
								"up": {"uv": [11, 7], "uv_size": [0.25, 1]},
								"down": {"uv": [8, 12], "uv_size": [0.25, -1]}
							}
						},
						{
							"origin": [-1.25, -2, -1.5],
							"size": [0.25, 2, 1],
							"uv": {
								"north": {"uv": [8, 3], "uv_size": [0.25, 2]},
								"east": {"uv": [6, 0], "uv_size": [1, 2]},
								"south": {"uv": [4, 8], "uv_size": [0.25, 2]},
								"up": {"uv": [11, 8], "uv_size": [0.25, 1]},
								"down": {"uv": [9, 12], "uv_size": [0.25, -1]}
							}
						},
						{
							"origin": [0.875, -0.75, -1.125],
							"size": [0.5, 0.5, 0.75],
							"uv": {
								"north": {"uv": [11, 9], "uv_size": [0.5, 0.5]},
								"south": {"uv": [10, 11], "uv_size": [0.5, 0.5]},
								"west": {"uv": [9, 10], "uv_size": [0.75, 0.5]},
								"up": {"uv": [10, 10], "uv_size": [0.5, 0.75]},
								"down": {"uv": [0, 11.75], "uv_size": [0.5, -0.75]}
							}
						},
						{
							"origin": [0.875, -1.5, -1.125],
							"size": [0.5, 0.5, 0.75],
							"uv": {
								"north": {"uv": [11, 10], "uv_size": [0.5, 0.5]},
								"south": {"uv": [11, 11], "uv_size": [0.5, 0.5]},
								"west": {"uv": [11, 0], "uv_size": [0.75, 0.5]},
								"up": {"uv": [11, 1], "uv_size": [0.5, 0.75]},
								"down": {"uv": [11, 2.75], "uv_size": [0.5, -0.75]}
							}
						},
						{
							"origin": [-1.375, -0.75, -1.125],
							"size": [0.5, 0.5, 0.75],
							"uv": {
								"north": {"uv": [0, 12], "uv_size": [0.5, 0.5]},
								"east": {"uv": [11, 3], "uv_size": [0.75, 0.5]},
								"south": {"uv": [12, 0], "uv_size": [0.5, 0.5]},
								"up": {"uv": [11, 4], "uv_size": [0.5, 0.75]},
								"down": {"uv": [5, 11.75], "uv_size": [0.5, -0.75]}
							}
						},
						{
							"origin": [-1.375, -1.5, -1.125],
							"size": [0.5, 0.5, 0.75],
							"uv": {
								"north": {"uv": [1, 12], "uv_size": [0.5, 0.5]},
								"east": {"uv": [11, 5], "uv_size": [0.75, 0.5]},
								"south": {"uv": [12, 1], "uv_size": [0.5, 0.5]},
								"up": {"uv": [6, 11], "uv_size": [0.5, 0.75]},
								"down": {"uv": [11, 6.75], "uv_size": [0.5, -0.75]}
							}
						},
						{
							"origin": [-0.75, -2.75, -1.75],
							"size": [1.5, 3.5, 0],
							"uv": {
								"north": {"uv": [4, 0], "uv_size": [1.5, 3.5]}
							}
						},
						{
							"origin": [-0.2071, -2.25, -1.875],
							"size": [0.4142, 1.5, 1],
							"uv": {
								"north": {"uv": [1, 8], "uv_size": [0.5, 1.5]},
								"east": {"uv": [5, 6], "uv_size": [1, 1.5]},
								"west": {"uv": [6, 6], "uv_size": [1, 1.5]},
								"up": {"uv": [5, 8], "uv_size": [0.5, 1]},
								"down": {"uv": [8, 6], "uv_size": [0.5, -1]}
							}
						},
						{
							"origin": [-0.2071, -2, -1.875],
							"size": [0.4142, 1, 1],
							"pivot": [0, -1.5, -1.375],
							"rotation": [0, 0, 45],
							"uv": {
								"north": {"uv": [6, 8], "uv_size": [0.5, 1]},
								"up": {"uv": [8, 6], "uv_size": [0.5, 1]},
								"down": {"uv": [7, 9], "uv_size": [0.5, -1]}
							}
						},
						{
							"origin": [-0.2071, -2, -1.875],
							"size": [0.4142, 1, 1],
							"pivot": [0, -1.5, -1.375],
							"rotation": [0, 0, 90],
							"uv": {
								"north": {"uv": [8, 7], "uv_size": [0.5, 1]},
								"up": {"uv": [8, 8], "uv_size": [0.5, 1]},
								"down": {"uv": [9, 1], "uv_size": [0.5, -1]}
							}
						},
						{
							"origin": [-0.2071, -2, -1.875],
							"size": [0.4142, 1, 1],
							"pivot": [0, -1.5, -1.375],
							"rotation": [0, 0, 135],
							"uv": {
								"north": {"uv": [9, 1], "uv_size": [0.5, 1]},
								"up": {"uv": [9, 2], "uv_size": [0.5, 1]},
								"down": {"uv": [9, 4], "uv_size": [0.5, -1]}
							}
						},
						{
							"origin": [-0.15532, -1.875, -2],
							"size": [0.31065, 0.75, 0.25],
							"uv": {
								"north": {"uv": [12, 3], "uv_size": [0.25, 0.75]},
								"up": {"uv": [12, 6], "uv_size": [0.25, 0.25]},
								"down": {"uv": [7, 12.25], "uv_size": [0.25, -0.25]}
							}
						},
						{
							"origin": [-0.15532, -1.875, -2],
							"size": [0.31065, 0.75, 0.25],
							"pivot": [0, -1.5, -1.875],
							"rotation": [0, 0, 135],
							"uv": {
								"north": {"uv": [4, 12], "uv_size": [0.25, 0.75]},
								"up": {"uv": [12, 7], "uv_size": [0.25, 0.25]},
								"down": {"uv": [8, 12.25], "uv_size": [0.25, -0.25]}
							}
						},
						{
							"origin": [-0.15532, -1.875, -2],
							"size": [0.31065, 0.75, 0.25],
							"pivot": [0, -1.5, -1.875],
							"rotation": [0, 0, 90],
							"uv": {
								"north": {"uv": [12, 4], "uv_size": [0.25, 0.75]},
								"up": {"uv": [12, 8], "uv_size": [0.25, 0.25]},
								"down": {"uv": [9, 12.25], "uv_size": [0.25, -0.25]}
							}
						},
						{
							"origin": [-0.15532, -1.875, -2],
							"size": [0.31065, 0.75, 0.25],
							"pivot": [0, -1.5, -1.875],
							"rotation": [0, 0, 45],
							"uv": {
								"north": {"uv": [5, 12], "uv_size": [0.25, 0.75]},
								"up": {"uv": [12, 9], "uv_size": [0.25, 0.25]},
								"down": {"uv": [10, 12.25], "uv_size": [0.25, -0.25]}
							}
						},
						{
							"origin": [1.20711, -2.70711, -2],
							"size": [0.70711, 0.25, 2],
							"pivot": [1.20711, -3.70711, 8.5],
							"rotation": [0, 0, -45],
							"uv": {
								"north": {"uv": [12, 5], "uv_size": [0.75, 0.25]},
								"up": {"uv": [7, 0], "uv_size": [0.75, 2]},
								"down": {"uv": [7, 4], "uv_size": [0.75, -2]}
							}
						},
						{
							"origin": [-0.5, -3, -2],
							"size": [1, 0.25, 2],
							"uv": {
								"north": {"uv": [2, 12], "uv_size": [1, 0.25]},
								"up": {"uv": [1, 6], "uv_size": [1, 2]},
								"down": {"uv": [2, 8], "uv_size": [1, -2]}
							}
						},
						{
							"origin": [-1.91421, -2.70711, -2],
							"size": [0.70711, 0.25, 2],
							"pivot": [-1.20711, -3.70711, 8.5],
							"rotation": [0, 0, 45],
							"uv": {
								"north": {"uv": [6, 12], "uv_size": [0.75, 0.25]},
								"up": {"uv": [7, 4], "uv_size": [0.75, 2]},
								"down": {"uv": [7, 8], "uv_size": [0.75, -2]}
							}
						},
						{
							"origin": [-0.1553, 0.25, -2],
							"size": [0.3106, 0.125, 2],
							"uv": {
								"north": {"uv": [12, 10], "uv_size": [0.25, 0.25]},
								"up": {"uv": [9, 4], "uv_size": [0.25, 2]},
								"down": {"uv": [5, 11], "uv_size": [0.25, -2]}
							}
						},
						{
							"origin": [-0.1553, -0.375, -2],
							"size": [0.3106, 0.125, 2],
							"pivot": [0, 0, 0.5],
							"rotation": [0, 0, 135],
							"uv": {
								"north": {"uv": [11, 12], "uv_size": [0.25, 0.25]},
								"up": {"uv": [6, 9], "uv_size": [0.25, 2]},
								"down": {"uv": [9, 8], "uv_size": [0.25, -2]}
							}
						},
						{
							"origin": [-0.1553, 0.25, -2],
							"size": [0.3106, 0.125, 2],
							"pivot": [0, 0, 0.5],
							"rotation": [0, 0, 45],
							"uv": {
								"north": {"uv": [12, 11], "uv_size": [0.25, 0.25]},
								"up": {"uv": [7, 9], "uv_size": [0.25, 2]},
								"down": {"uv": [8, 11], "uv_size": [0.25, -2]}
							}
						},
						{
							"origin": [-0.1553, 0.25, -2],
							"size": [0.3106, 0.125, 2],
							"pivot": [0, 0, 0.5],
							"rotation": [0, 0, 90],
							"uv": {
								"north": {"uv": [12, 12], "uv_size": [0.25, 0.25]},
								"up": {"uv": [9, 8], "uv_size": [0.25, 2]},
								"down": {"uv": [10, 2], "uv_size": [0.25, -2]}
							}
						},
						{
							"origin": [-0.1553, -0.375, -2],
							"size": [0.3106, 0.125, 2],
							"pivot": [0, 0, 0.5],
							"rotation": [0, 0, -45],
							"uv": {
								"north": {"uv": [0, 13], "uv_size": [0.25, 0.25]},
								"up": {"uv": [1, 10], "uv_size": [0.25, 2]},
								"down": {"uv": [2, 12], "uv_size": [0.25, -2]}
							}
						},
						{
							"origin": [-0.1553, 0.25, -2],
							"size": [0.3106, 0.125, 2],
							"pivot": [0, 0, 0.5],
							"rotation": [0, 0, -180],
							"uv": {
								"north": {"uv": [13, 0], "uv_size": [0.25, 0.25]},
								"up": {"uv": [10, 2], "uv_size": [0.25, 2]},
								"down": {"uv": [3, 12], "uv_size": [0.25, -2]}
							}
						},
						{
							"origin": [-0.1553, 0.25, -2],
							"size": [0.3106, 0.125, 2],
							"pivot": [0, 0, 0.5],
							"rotation": [0, 0, -135],
							"uv": {
								"north": {"uv": [1, 13], "uv_size": [0.25, 0.25]},
								"up": {"uv": [4, 10], "uv_size": [0.25, 2]},
								"down": {"uv": [10, 6], "uv_size": [0.25, -2]}
							}
						},
						{
							"origin": [-0.1553, 0.25, -2],
							"size": [0.3106, 0.125, 2],
							"pivot": [0, 0, 0.5],
							"rotation": [0, 0, -90],
							"uv": {
								"north": {"uv": [13, 1], "uv_size": [0.25, 0.25]},
								"up": {"uv": [10, 6], "uv_size": [0.25, 2]},
								"down": {"uv": [10, 10], "uv_size": [0.25, -2]}
							}
						}
					]
				}
			]
		}
	]
}