{
  "ammo": "immersive_armorer:chemical",
  "ammo_amount": 50,
  "extended_mag_ammo_amount": [
    65,
    80,
    100
  ],
  "bolt": "open_bolt",
  "rpm": 960,
  "bullet": {
    "life": 5,
    "bullet_amount": 3,
    "tracer_count_interval": 0,
    "damage": 3,
    "extra_damage": {
      "armor_ignore": 0,
      "head_shot_multiplier": 1,
      "damage_adjust": [
        {"distance": 30, "damage": 3},
        {"distance": "infinite", "damage": 3}
      ]
    },
    "speed": 60,
    "gravity": 0.15,
    "knockback": 0,
    "friction": 0.05,
    "ignite": {
      "entity": true,
      "block": false
    },
    "ignite_entity_time": 10,
    "pierce": 1
  },
  "reload": {
    "type": "fuel",
    "feed": {
      "empty": 1.25,
      "tactical": 1.25
    },
    "cooldown": {
      "empty": 2,
      "tactical": 2
    }
  },
  "draw_time": 0.5,
  "put_away_time": 0.5,
  "aim_time": 0.2,
  "sprint_time": 0.2,
  "fire_mode": [
    "auto",
    "burst"
  ],
  "burst_data": {
    "continuous_shoot": false,
    "count": 5,
    "bpm": 1200,
    "min_interval": 0.75
  },
  "recoil": {
    "pitch": [
      {"time": 0, "value": [0.1, 0.1]},
      {"time": 0.25, "value": [0.1, 0.1]},
      {"time": 0.4, "value": [-0.005, -0.005]},
      {"time": 0.5, "value": [0, 0]}
    ],
    "yaw": [
      {"time": 0, "value": [-0.1, 0.1]},
      {"time": 0.35, "value": [-0.1, 0.1]},
      {"time": 0.5, "value": [0, 0]}
    ]
  },
  "inaccuracy": {
    "stand": 2,
    "move": 2,
    "sneak": 2,
    "lie": 2,
    "aim": 2
  },
  "melee": {
    "distance": 1,
    "cooldown": 0.5,
    "default": {
      "animation_type": "melee_stock",
      "distance": 1.25,
      "range_angle": 45,
      "damage": 5,
      "knockback": 0.5,
      "prep": 0.1
    }
  },
  "allow_attachment_types": [
    "stock",
    "muzzle",
    "scope",
    "extended_mag"
  ]
}