{
  "ammo": "immersive_armorer:cut_steel_rod",
  "ammo_amount": 10,
  "extended_mag_ammo_amount": [
    12,
    14,
    16
  ],
  "bolt": "open_bolt",
  "rpm": 60,
  "bullet": {
    "life": 1,
    "bullet_amount": 1,
    "damage": 32,
    "tracer_count_interval": 0,
    "extra_damage": {
      "armor_ignore": 0.4,
      "head_shot_multiplier": 2,
      "damage_adjust": [
        {"distance": 60, "damage": 32},
        {"distance": 120, "damage": 28},
        {"distance": "infinite", "damage": 24}
      ]
    },
    "speed": 450,
    "gravity": 0.0245,
    "knockback": 0,
    "friction": 0.0125,
    "ignite": false,
    "pierce": 3
  },
  "reload": {
    "type": "magazine",
    "feed": {
      "empty": 1.38,
      "tactical": 1.38
    },
    "cooldown": {
      "empty": 2,
      "tactical": 2
    }
  },
  "draw_time": 0.5,
  "put_away_time": 0.5,
  "aim_time": 0.2,
  "sprint_time": 0.2,
  "fire_mode": [
    "semi"
  ],
  "recoil": {
    "pitch": [
      {"time": 0, "value": [2.5, 2.5]},
      {"time": 0.32, "value": [2.5, 2.5]},
      {"time": 0.57, "value": [-0.45, -0.45]},
      {"time": 0.82, "value": [0.15, 0.15]},
      {"time": 1.17, "value": [0, 0]},
      {"time": 1.47, "value": [0, 0]}
    ],
    "yaw": [
      {"time": 0, "value": [-0.5, 0.5]},
      {"time": 0.32, "value": [-0.5, 0.5]},
      {"time": 0.57, "value": [0, 0]}
    ]
  },
  "inaccuracy": {
    "stand": 7,
    "move": 9,
    "sneak": 5,
    "lie": 3,
    "aim": 0.05
  },
  "melee": {
    "distance": 1,
    "cooldown": 0.75,
    "default": {
      "animation_type": "melee_stock",
      "distance": 1.5,
      "range_angle": 45,
      "damage": 6,
      "knockback": 0.5,
      "prep": 0.1
    }
  },
  "allow_attachment_types": [
    "grip",
    "scope",
    "extended_mag"
  ]
}