{
	"format_version": "1.21.0",
	"minecraft:geometry": [
		{
			"description": {
				"identifier": "geometry.pistol_9mm",
				"texture_width": 64,
				"texture_height": 64,
				"visible_bounds_width": 8,
				"visible_bounds_height": 5,
				"visible_bounds_offset": [0, 1.5, 0]
			},
			"bones": [
				{
					"name": "root",
					"pivot": [0, 6.75, 7.5]
				},
				{
					"name": "gun",
					"parent": "root",
					"pivot": [0, 6.75, 7.5]
				},
				{
					"name": "main",
					"parent": "gun",
					"pivot": [0, 8, 0],
					"cubes": [
						{
							"origin": [-0.625, 5.75, 7.25],
							"size": [1.25, 1.5, 2],
							"uv": {
								"north": {"uv": [6, 23], "uv_size": [1.25, 1.5]},
								"east": {"uv": [2, 21], "uv_size": [2, 1.5]},
								"south": {"uv": [23, 6], "uv_size": [1.25, 1.5]},
								"west": {"uv": [21, 3], "uv_size": [2, 1.5]},
								"down": {"uv": [21, 8], "uv_size": [1.25, -2]}
							}
						},
						{
							"origin": [-0.626, 3.25646, 7.90062],
							"size": [1.252, 3.75, 1.75],
							"pivot": [0.375, 5.50646, 9.21312],
							"rotation": [22.5, 0, 0],
							"uv": {
								"north": {"uv": [16, 15], "uv_size": [1.25, 3.75]},
								"east": {"uv": [13, 4], "uv_size": [1.75, 3.75]},
								"south": {"uv": [3, 17], "uv_size": [1.25, 3.75]},
								"west": {"uv": [6, 13], "uv_size": [1.75, 3.75]},
								"down": {"uv": [12, 23.75], "uv_size": [1.25, -1.75]}
							}
						},
						{
							"origin": [-0.875, 8.375, 0.5],
							"size": [1.75, 1.25, 3.25],
							"uv": {
								"east": {"uv": [18, 9], "uv_size": [3.25, 1.25]},
								"south": {"uv": [22, 17], "uv_size": [1.75, 1.25]},
								"west": {"uv": [18, 11], "uv_size": [3.25, 1.25]}
							}
						},
						{
							"origin": [-0.875, 8.375, 5.75],
							"size": [1.75, 1.25, 3.75],
							"uv": {
								"east": {"uv": [15, 5], "uv_size": [3.75, 1.25]},
								"south": {"uv": [22, 19], "uv_size": [1.75, 1.25]},
								"west": {"uv": [5, 17], "uv_size": [3.75, 1.25]},
								"up": {"uv": [8, 13], "uv_size": [1.75, 3.75]},
								"down": {"uv": [12, 16.75], "uv_size": [1.75, -3.75]}
							}
						},
						{
							"origin": [-0.875, 8.375, 3.75],
							"size": [1.75, 0.5, 2],
							"uv": {
								"north": {"uv": [0, 26], "uv_size": [1.75, 0.5]},
								"east": {"uv": [25, 8], "uv_size": [2, 0.5]},
								"south": {"uv": [26, 0], "uv_size": [1.75, 0.5]},
								"west": {"uv": [25, 9], "uv_size": [2, 0.5]},
								"up": {"uv": [20, 17], "uv_size": [1.75, 2]},
								"down": {"uv": [20, 21], "uv_size": [1.75, -2]}
							}
						},
						{
							"origin": [-0.375, 9.625, 0.5],
							"size": [0.75, 0.5, 3.25],
							"uv": {
								"south": {"uv": [19, 28], "uv_size": [0.75, 0.5]},
								"up": {"uv": [0, 22], "uv_size": [0.75, 3.25]}
							}
						},
						{
							"origin": [-0.7955, 9.43306, 0.5],
							"size": [0.70711, 0.5, 3.25],
							"pivot": [-0.46339, 9.68306, 2],
							"rotation": [0, 0, -45],
							"uv": {
								"south": {"uv": [20, 28], "uv_size": [0.75, 0.5]},
								"up": {"uv": [1, 22], "uv_size": [0.75, 3.25]}
							}
						},
						{
							"origin": [0.08839, 9.43306, 0.5],
							"size": [0.70711, 0.5, 3.25],
							"pivot": [0.46339, 9.68306, 2],
							"rotation": [0, 0, 45],
							"uv": {
								"south": {"uv": [28, 20], "uv_size": [0.75, 0.5]},
								"up": {"uv": [5, 22], "uv_size": [0.75, 3.25]}
							}
						},
						{
							"origin": [-1, 8.5, -0.75],
							"size": [2, 1.25, 1.25],
							"uv": {
								"north": {"uv": [21, 15], "uv_size": [2, 1.25]},
								"east": {"uv": [8, 23], "uv_size": [1.25, 1.25]},
								"south": {"uv": [20, 21], "uv_size": [2, 1.25]},
								"west": {"uv": [23, 13], "uv_size": [1.25, 1.25]}
							}
						},
						{
							"origin": [-0.1553, 9.5, -1],
							"size": [0.3106, 0.125, 5],
							"uv": {
								"north": {"uv": [3, 30], "uv_size": [0.25, 0.25]},
								"south": {"uv": [30, 3], "uv_size": [0.25, 0.25]},
								"up": {"uv": [20, 23], "uv_size": [0.25, 5]},
								"down": {"uv": [21, 28], "uv_size": [0.25, -5]}
							}
						},
						{
							"origin": [-0.1553, 9.5, -1],
							"size": [0.3106, 0.125, 5],
							"pivot": [0, 9.25, 1.5],
							"rotation": [0, 0, 45],
							"uv": {
								"north": {"uv": [6, 30], "uv_size": [0.25, 0.25]},
								"south": {"uv": [30, 6], "uv_size": [0.25, 0.25]},
								"up": {"uv": [22, 23], "uv_size": [0.25, 5]},
								"down": {"uv": [23, 28], "uv_size": [0.25, -5]}
							}
						},
						{
							"origin": [-0.1553, 9.5, -1],
							"size": [0.3106, 0.125, 5],
							"pivot": [0, 9.25, 1.5],
							"rotation": [0, 0, 90],
							"uv": {
								"north": {"uv": [7, 30], "uv_size": [0.25, 0.25]},
								"south": {"uv": [30, 7], "uv_size": [0.25, 0.25]},
								"up": {"uv": [2, 24], "uv_size": [0.25, 5]},
								"down": {"uv": [3, 29], "uv_size": [0.25, -5]}
							}
						},
						{
							"origin": [-0.1553, 8.875, -1],
							"size": [0.3106, 0.125, 5],
							"pivot": [0, 9.25, 1.5],
							"rotation": [0, 0, 135],
							"uv": {
								"north": {"uv": [8, 30], "uv_size": [0.25, 0.25]},
								"south": {"uv": [30, 8], "uv_size": [0.25, 0.25]},
								"up": {"uv": [4, 24], "uv_size": [0.25, 5]},
								"down": {"uv": [10, 29], "uv_size": [0.25, -5]}
							}
						},
						{
							"origin": [-0.1553, 8.875, -1],
							"size": [0.3106, 0.125, 5],
							"pivot": [0, 9.25, 1.5],
							"rotation": [0, 0, -45],
							"uv": {
								"north": {"uv": [12, 30], "uv_size": [0.25, 0.25]},
								"south": {"uv": [30, 12], "uv_size": [0.25, 0.25]},
								"up": {"uv": [17, 24], "uv_size": [0.25, 5]},
								"down": {"uv": [24, 22], "uv_size": [0.25, -5]}
							}
						},
						{
							"origin": [-0.1553, 9.5, -1],
							"size": [0.3106, 0.125, 5],
							"pivot": [0, 9.25, 1.5],
							"rotation": [0, 0, -180],
							"uv": {
								"north": {"uv": [11, 30], "uv_size": [0.25, 0.25]},
								"south": {"uv": [30, 11], "uv_size": [0.25, 0.25]},
								"up": {"uv": [15, 24], "uv_size": [0.25, 5]},
								"down": {"uv": [16, 29], "uv_size": [0.25, -5]}
							}
						},
						{
							"origin": [-0.1553, 9.5, -1],
							"size": [0.3106, 0.125, 5],
							"pivot": [0, 9.25, 1.5],
							"rotation": [0, 0, -135],
							"uv": {
								"north": {"uv": [10, 30], "uv_size": [0.25, 0.25]},
								"south": {"uv": [30, 10], "uv_size": [0.25, 0.25]},
								"up": {"uv": [13, 24], "uv_size": [0.25, 5]},
								"down": {"uv": [14, 29], "uv_size": [0.25, -5]}
							}
						},
						{
							"origin": [-0.1553, 9.5, -1],
							"size": [0.3106, 0.125, 5],
							"pivot": [0, 9.25, 1.5],
							"rotation": [0, 0, -90],
							"uv": {
								"north": {"uv": [9, 30], "uv_size": [0.25, 0.25]},
								"south": {"uv": [30, 9], "uv_size": [0.25, 0.25]},
								"up": {"uv": [11, 24], "uv_size": [0.25, 5]},
								"down": {"uv": [12, 29], "uv_size": [0.25, -5]}
							}
						},
						{
							"origin": [-1, 7.25, -0.75],
							"size": [2, 1.25, 10],
							"uv": {
								"north": {"uv": [21, 13], "uv_size": [2, 1.25]},
								"east": {"uv": [10, 0], "uv_size": [10, 1.25]},
								"west": {"uv": [10, 2], "uv_size": [10, 1.25]},
								"up": {"uv": [0, 0], "uv_size": [2, 10]},
								"down": {"uv": [2, 10], "uv_size": [2, -10]}
							}
						},
						{
							"origin": [-1, 7.75, 9.25],
							"size": [2, 0.75, 0.5],
							"uv": {
								"east": {"uv": [28, 21], "uv_size": [0.5, 0.75]},
								"south": {"uv": [16, 23], "uv_size": [2, 0.75]},
								"west": {"uv": [28, 22], "uv_size": [0.5, 0.75]},
								"up": {"uv": [25, 10], "uv_size": [2, 0.5]}
							}
						},
						{
							"origin": [-0.999, 8.58579, 8.02513],
							"size": [1.998, 0.70711, 0.5],
							"pivot": [0, 7.04289, 7.27513],
							"rotation": [-45, 0, 0],
							"uv": {
								"east": {"uv": [23, 28], "uv_size": [0.5, 0.75]},
								"south": {"uv": [23, 16], "uv_size": [2, 0.75]},
								"west": {"uv": [28, 23], "uv_size": [0.5, 0.75]}
							}
						},
						{
							"origin": [-1, 6.75, -0.75],
							"size": [2, 0.5, 5.75],
							"uv": {
								"north": {"uv": [24, 23], "uv_size": [2, 0.5]},
								"east": {"uv": [19, 8], "uv_size": [5.75, 0.5]},
								"south": {"uv": [24, 24], "uv_size": [2, 0.5]},
								"west": {"uv": [21, 5], "uv_size": [5.75, 0.5]}
							}
						},
						{
							"origin": [-1, 6, 1.25],
							"size": [2, 0.75, 3.25],
							"uv": {
								"north": {"uv": [14, 23], "uv_size": [2, 0.75]},
								"east": {"uv": [15, 7], "uv_size": [3.25, 0.75]},
								"south": {"uv": [23, 15], "uv_size": [2, 0.75]},
								"west": {"uv": [22, 0], "uv_size": [3.25, 0.75]},
								"down": {"uv": [14, 16.25], "uv_size": [2, -3.25]}
							}
						},
						{
							"origin": [-0.25, 7, 5],
							"size": [0.5, 0.25, 2.25],
							"uv": {
								"east": {"uv": [27, 9], "uv_size": [2.25, 0.25]},
								"west": {"uv": [27, 10], "uv_size": [2.25, 0.25]},
								"down": {"uv": [19, 26.25], "uv_size": [0.5, -2.25]}
							}
						},
						{
							"origin": [-0.125, 6.5, 6.25],
							"size": [0.25, 0.5, 0.25],
							"uv": {
								"north": {"uv": [29, 18], "uv_size": [0.25, 0.5]},
								"east": {"uv": [19, 29], "uv_size": [0.25, 0.5]},
								"south": {"uv": [29, 19], "uv_size": [0.25, 0.5]},
								"west": {"uv": [20, 29], "uv_size": [0.25, 0.5]}
							}
						},
						{
							"origin": [-0.125, 6.16587, 6.18955],
							"size": [0.25, 0.375, 0.25],
							"pivot": [0, 6.29087, 6.31455],
							"rotation": [-15, 0, 0],
							"uv": {
								"north": {"uv": [29, 20], "uv_size": [0.25, 0.5]},
								"east": {"uv": [21, 29], "uv_size": [0.25, 0.5]},
								"south": {"uv": [29, 21], "uv_size": [0.25, 0.5]},
								"west": {"uv": [22, 29], "uv_size": [0.25, 0.5]},
								"down": {"uv": [30, 2.25], "uv_size": [0.25, -0.25]}
							}
						},
						{
							"origin": [-0.25, 5.75, 5.25],
							"size": [0.5, 0.25, 2],
							"uv": {
								"east": {"uv": [27, 18], "uv_size": [2, 0.25]},
								"west": {"uv": [27, 19], "uv_size": [2, 0.25]},
								"up": {"uv": [25, 1], "uv_size": [0.5, 2]},
								"down": {"uv": [25, 5], "uv_size": [0.5, -2]}
							}
						},
						{
							"origin": [-0.25, 6.4205, 5.27773],
							"size": [0.5, 0.25, 0.35355],
							"pivot": [0, 6.5455, 4.63128],
							"rotation": [-45, 0, 0],
							"uv": {
								"east": {"uv": [30, 1], "uv_size": [0.25, 0.25]},
								"west": {"uv": [2, 30], "uv_size": [0.25, 0.25]},
								"up": {"uv": [29, 17], "uv_size": [0.5, 0.25]},
								"down": {"uv": [18, 29.25], "uv_size": [0.5, -0.25]}
							}
						},
						{
							"origin": [-0.25, 6, 5],
							"size": [0.5, 1, 0.25],
							"uv": {
								"north": {"uv": [19, 27], "uv_size": [0.5, 1]},
								"east": {"uv": [28, 24], "uv_size": [0.25, 1]},
								"south": {"uv": [27, 20], "uv_size": [0.5, 1]},
								"west": {"uv": [25, 28], "uv_size": [0.25, 1]}
							}
						},
						{
							"origin": [-0.5, 6.25, -0.75],
							"size": [1, 0.5, 5.75],
							"uv": {
								"north": {"uv": [27, 12], "uv_size": [1, 0.5]},
								"south": {"uv": [27, 15], "uv_size": [1, 0.5]},
								"down": {"uv": [10, 20.75], "uv_size": [1, -5.75]}
							}
						},
						{
							"origin": [1.20711, 6.54289, -0.749],
							"size": [0.70711, 0.5, 5.75],
							"pivot": [1.20711, 5.54289, 8],
							"rotation": [0, 0, -45],
							"uv": {
								"north": {"uv": [27, 23], "uv_size": [0.75, 0.5]},
								"south": {"uv": [28, 0], "uv_size": [0.75, 0.5]},
								"down": {"uv": [14, 22.75], "uv_size": [0.75, -5.75]}
							}
						},
						{
							"origin": [-1.91421, 6.54289, -0.749],
							"size": [0.70711, 0.5, 5.75],
							"pivot": [-1.20711, 5.54289, 8],
							"rotation": [0, 0, 45],
							"uv": {
								"north": {"uv": [1, 28], "uv_size": [0.75, 0.5]},
								"south": {"uv": [28, 2], "uv_size": [0.75, 0.5]},
								"down": {"uv": [15, 22.75], "uv_size": [0.75, -5.75]}
							}
						},
						{
							"origin": [-0.5, 9.75, -0.75],
							"size": [1, 0.5, 1.25],
							"uv": {
								"north": {"uv": [27, 16], "uv_size": [1, 0.5]},
								"east": {"uv": [27, 7], "uv_size": [1.25, 0.5]},
								"south": {"uv": [27, 17], "uv_size": [1, 0.5]},
								"west": {"uv": [27, 8], "uv_size": [1.25, 0.5]},
								"up": {"uv": [19, 22], "uv_size": [1, 1.25]},
								"down": {"uv": [18, 24.25], "uv_size": [1, -1.25]}
							}
						},
						{
							"origin": [-0.07812, 10.25, -0.75],
							"size": [0.15625, 0.375, 0.5],
							"uv": {
								"north": {"uv": [30, 22], "uv_size": [0.25, 0.25]},
								"east": {"uv": [29, 24], "uv_size": [0.5, 0.25]},
								"south": {"uv": [23, 30], "uv_size": [0.25, 0.25]},
								"west": {"uv": [25, 29], "uv_size": [0.5, 0.25]},
								"up": {"uv": [29, 25], "uv_size": [0.25, 0.5]}
							}
						},
						{
							"origin": [-1.26777, 10.48223, -0.749],
							"size": [0.70711, 0.5, 1.25],
							"pivot": [-1.26777, 8.48223, 3.5],
							"rotation": [0, 0, 45],
							"uv": {
								"north": {"uv": [28, 3], "uv_size": [0.75, 0.5]},
								"south": {"uv": [28, 4], "uv_size": [0.75, 0.5]},
								"up": {"uv": [9, 25], "uv_size": [0.75, 1.25]}
							}
						},
						{
							"origin": [0.56066, 10.48223, -0.749],
							"size": [0.70711, 0.5, 1.25],
							"pivot": [1.26777, 8.48223, 3.5],
							"rotation": [0, 0, -45],
							"uv": {
								"north": {"uv": [28, 5], "uv_size": [0.75, 0.5]},
								"south": {"uv": [28, 6], "uv_size": [0.75, 0.5]},
								"up": {"uv": [25, 13], "uv_size": [0.75, 1.25]}
							}
						},
						{
							"origin": [-0.5, 10, -1],
							"size": [1, 0.25, 0.25],
							"uv": {
								"north": {"uv": [28, 28], "uv_size": [1, 0.25]},
								"up": {"uv": [29, 0], "uv_size": [1, 0.25]},
								"down": {"uv": [1, 29.25], "uv_size": [1, -0.25]}
							}
						},
						{
							"origin": [-1.26777, 10.73223, -1],
							"size": [0.70711, 0.25, 0.25],
							"pivot": [-1.26777, 8.48223, 3.25],
							"rotation": [0, 0, 45],
							"uv": {
								"north": {"uv": [14, 29], "uv_size": [0.75, 0.25]},
								"up": {"uv": [29, 14], "uv_size": [0.75, 0.25]},
								"down": {"uv": [15, 29.25], "uv_size": [0.75, -0.25]}
							}
						},
						{
							"origin": [0.56066, 10.73223, -1],
							"size": [0.70711, 0.25, 0.25],
							"pivot": [1.26777, 8.48223, 3.25],
							"rotation": [0, 0, -45],
							"uv": {
								"north": {"uv": [29, 12], "uv_size": [0.75, 0.25]},
								"up": {"uv": [13, 29], "uv_size": [0.75, 0.25]},
								"down": {"uv": [29, 13.25], "uv_size": [0.75, -0.25]}
							}
						},
						{
							"origin": [0.75, 6.75, -1],
							"size": [0.25, 3, 0.25],
							"uv": {
								"north": {"uv": [26, 2], "uv_size": [0.25, 3]},
								"east": {"uv": [5, 26], "uv_size": [0.25, 3]},
								"west": {"uv": [6, 26], "uv_size": [0.25, 3]}
							}
						},
						{
							"origin": [-1, 6.75, -1],
							"size": [0.25, 3, 0.25],
							"uv": {
								"north": {"uv": [7, 26], "uv_size": [0.25, 3]},
								"east": {"uv": [8, 26], "uv_size": [0.25, 3]},
								"west": {"uv": [18, 26], "uv_size": [0.25, 3]}
							}
						},
						{
							"origin": [1.20711, 6.54289, -1],
							"size": [0.70711, 0.25, 0.25],
							"pivot": [1.20711, 5.54289, 7.75],
							"rotation": [0, 0, -45],
							"uv": {
								"north": {"uv": [11, 29], "uv_size": [0.75, 0.25]},
								"up": {"uv": [29, 11], "uv_size": [0.75, 0.25]},
								"down": {"uv": [12, 29.25], "uv_size": [0.75, -0.25]}
							}
						},
						{
							"origin": [-0.5, 6.25, -1],
							"size": [1, 0.25, 0.25],
							"uv": {
								"north": {"uv": [28, 25], "uv_size": [1, 0.25]},
								"up": {"uv": [28, 26], "uv_size": [1, 0.25]},
								"down": {"uv": [28, 27.25], "uv_size": [1, -0.25]}
							}
						},
						{
							"origin": [-1.91421, 6.54289, -1],
							"size": [0.70711, 0.25, 0.25],
							"pivot": [-1.20711, 5.54289, 7.75],
							"rotation": [0, 0, 45],
							"uv": {
								"north": {"uv": [29, 8], "uv_size": [0.75, 0.25]},
								"up": {"uv": [9, 29], "uv_size": [0.75, 0.25]},
								"down": {"uv": [10, 29.25], "uv_size": [0.75, -0.25]}
							}
						}
					]
				},
				{
					"name": "front_sight_illuminated",
					"parent": "main",
					"pivot": [-0.5, 8.125, 3.5],
					"cubes": [
						{
							"origin": [-0.04687, 10.45313, -0.46875],
							"size": [0.09375, 0.125, 0.25],
							"uv": {
								"east": {"uv": [31, 0], "uv_size": [0.25, 0.25]},
								"south": {"uv": [1, 31], "uv_size": [0.25, 0.25]},
								"west": {"uv": [31, 1], "uv_size": [0.25, 0.25]},
								"up": {"uv": [2, 31], "uv_size": [0.25, 0.25]},
								"down": {"uv": [31, 2.25], "uv_size": [0.25, -0.25]}
							}
						}
					]
				},
				{
					"name": "slide",
					"parent": "gun",
					"pivot": [1.26777, 8.48223, 8]
				},
				{
					"name": "main_slide",
					"parent": "slide",
					"pivot": [1.26777, 8.48223, 5.25],
					"cubes": [
						{
							"origin": [0.56066, 10.48223, 3.751],
							"size": [0.70711, 0.5, 6],
							"pivot": [1.26777, 8.48223, 8],
							"rotation": [0, 0, -45],
							"uv": {
								"north": {"uv": [28, 12], "uv_size": [0.75, 0.5]},
								"south": {"uv": [28, 13], "uv_size": [0.75, 0.5]},
								"up": {"uv": [17, 9], "uv_size": [0.75, 6]}
							}
						},
						{
							"origin": [-1, 8.75, 0.75],
							"size": [2, 1, 1],
							"uv": {
								"north": {"uv": [2, 23], "uv_size": [2, 1]},
								"east": {"uv": [6, 25], "uv_size": [1, 1]},
								"south": {"uv": [23, 3], "uv_size": [2, 1]},
								"west": {"uv": [25, 6], "uv_size": [1, 1]},
								"down": {"uv": [23, 5], "uv_size": [2, -1]}
							}
						},
						{
							"origin": [0.75, 8.75, 1.75],
							"size": [0.25, 0.5, 2],
							"uv": {
								"east": {"uv": [7, 25], "uv_size": [2, 0.5]},
								"west": {"uv": [25, 7], "uv_size": [2, 0.5]},
								"up": {"uv": [27, 25], "uv_size": [0.25, 2]},
								"down": {"uv": [26, 29], "uv_size": [0.25, -2]}
							}
						},
						{
							"origin": [-1, 8.75, 1.75],
							"size": [0.25, 0.5, 2],
							"uv": {
								"east": {"uv": [25, 11], "uv_size": [2, 0.5]},
								"west": {"uv": [25, 12], "uv_size": [2, 0.5]},
								"up": {"uv": [27, 27], "uv_size": [0.25, 2]},
								"down": {"uv": [0, 30], "uv_size": [0.25, -2]}
							}
						},
						{
							"origin": [-1, 8.75, 3.75],
							"size": [2, 1, 6],
							"uv": {
								"north": {"uv": [22, 21], "uv_size": [2, 1]},
								"east": {"uv": [13, 8], "uv_size": [6, 1]},
								"south": {"uv": [22, 22], "uv_size": [2, 1]},
								"west": {"uv": [15, 4], "uv_size": [6, 1]},
								"down": {"uv": [10, 15], "uv_size": [2, -6]}
							}
						},
						{
							"origin": [-0.75, 9, 9.75],
							"size": [1.5, 0.75, 0.25],
							"uv": {
								"east": {"uv": [29, 15], "uv_size": [0.25, 0.75]},
								"south": {"uv": [24, 22], "uv_size": [1.5, 0.75]},
								"west": {"uv": [16, 29], "uv_size": [0.25, 0.75]},
								"down": {"uv": [21, 28.25], "uv_size": [1.5, -0.25]}
							}
						},
						{
							"origin": [-0.5, 9.75, 9.75],
							"size": [1, 0.25, 0.25],
							"uv": {
								"south": {"uv": [29, 1], "uv_size": [1, 0.25]},
								"up": {"uv": [2, 29], "uv_size": [1, 0.25]}
							}
						},
						{
							"origin": [0.38128, 9.71339, 9.75],
							"size": [0.35355, 0.25, 0.25],
							"pivot": [0.48483, 9.83839, 9.875],
							"rotation": [0, 0, 45],
							"uv": {
								"south": {"uv": [4, 30], "uv_size": [0.25, 0.25]},
								"up": {"uv": [30, 4], "uv_size": [0.25, 0.25]}
							}
						},
						{
							"origin": [-0.73483, 9.71339, 9.75],
							"size": [0.35355, 0.25, 0.25],
							"pivot": [-0.48483, 9.83839, 9.875],
							"rotation": [0, 0, -45],
							"uv": {
								"south": {"uv": [5, 30], "uv_size": [0.25, 0.25]},
								"up": {"uv": [30, 5], "uv_size": [0.25, 0.25]}
							}
						},
						{
							"origin": [-1.26777, 10.48223, 3.751],
							"size": [0.70711, 0.5, 6],
							"pivot": [-1.26777, 8.48223, 8],
							"rotation": [0, 0, 45],
							"uv": {
								"north": {"uv": [9, 28], "uv_size": [0.75, 0.5]},
								"south": {"uv": [28, 11], "uv_size": [0.75, 0.5]},
								"up": {"uv": [9, 17], "uv_size": [0.75, 6]}
							}
						},
						{
							"origin": [-0.5, 9.75, 3.75],
							"size": [1, 0.5, 6],
							"uv": {
								"north": {"uv": [9, 27], "uv_size": [1, 0.5]},
								"south": {"uv": [27, 11], "uv_size": [1, 0.5]},
								"up": {"uv": [2, 15], "uv_size": [1, 6]}
							}
						},
						{
							"origin": [-1.26777, 10.48223, 0.75],
							"size": [0.70711, 0.5, 1],
							"pivot": [-1.26777, 8.48223, 5.25],
							"rotation": [0, 0, 45],
							"uv": {
								"north": {"uv": [28, 16], "uv_size": [0.75, 0.5]},
								"south": {"uv": [28, 17], "uv_size": [0.75, 0.5]},
								"up": {"uv": [26, 1], "uv_size": [0.75, 1]}
							}
						},
						{
							"origin": [-0.5, 9.75, 0.75],
							"size": [1, 0.5, 1],
							"uv": {
								"north": {"uv": [27, 21], "uv_size": [1, 0.5]},
								"south": {"uv": [27, 22], "uv_size": [1, 0.5]},
								"up": {"uv": [20, 3], "uv_size": [1, 1]}
							}
						},
						{
							"origin": [0.56066, 10.48223, 0.75],
							"size": [0.70711, 0.5, 1],
							"pivot": [1.26777, 8.48223, 5.25],
							"rotation": [0, 0, -45],
							"uv": {
								"north": {"uv": [28, 14], "uv_size": [0.75, 0.5]},
								"south": {"uv": [28, 15], "uv_size": [0.75, 0.5]},
								"up": {"uv": [18, 25], "uv_size": [0.75, 1]}
							}
						}
					]
				},
				{
					"name": "iron",
					"parent": "slide",
					"pivot": [0.53125, 8.09375, 12.53125],
					"cubes": [
						{
							"origin": [0.125, 10.4375, 8.5],
							"size": [0.1875, 0.1875, 0.25],
							"uv": {
								"north": {"uv": [30, 23], "uv_size": [0.25, 0.25]},
								"east": {"uv": [24, 30], "uv_size": [0.25, 0.25]},
								"south": {"uv": [30, 24], "uv_size": [0.25, 0.25]},
								"west": {"uv": [25, 30], "uv_size": [0.25, 0.25]},
								"up": {"uv": [30, 25], "uv_size": [0.25, 0.25]}
							}
						},
						{
							"origin": [-0.3125, 10.25, 8.25],
							"size": [0.625, 0.1875, 0.5],
							"uv": {
								"north": {"uv": [29, 16], "uv_size": [0.75, 0.25]},
								"east": {"uv": [26, 29], "uv_size": [0.5, 0.25]},
								"south": {"uv": [17, 29], "uv_size": [0.75, 0.25]},
								"west": {"uv": [29, 26], "uv_size": [0.5, 0.25]},
								"up": {"uv": [24, 28], "uv_size": [0.75, 0.5]}
							}
						},
						{
							"origin": [-0.3125, 10.4375, 8.5],
							"size": [0.1875, 0.1875, 0.25],
							"uv": {
								"north": {"uv": [26, 30], "uv_size": [0.25, 0.25]},
								"east": {"uv": [30, 26], "uv_size": [0.25, 0.25]},
								"south": {"uv": [27, 30], "uv_size": [0.25, 0.25]},
								"west": {"uv": [30, 27], "uv_size": [0.25, 0.25]},
								"up": {"uv": [28, 30], "uv_size": [0.25, 0.25]}
							}
						}
					]
				},
				{
					"name": "iron_illuminated",
					"parent": "iron",
					"pivot": [0.53125, 8.09375, 12.53125],
					"cubes": [
						{
							"origin": [0.15626, 10.40626, 8.53125],
							"size": [0.0625, 0.14063, 0.25],
							"uv": {
								"east": {"uv": [30, 28], "uv_size": [0.25, 0.25]},
								"south": {"uv": [29, 30], "uv_size": [0.25, 0.25]},
								"west": {"uv": [30, 29], "uv_size": [0.25, 0.25]},
								"up": {"uv": [30, 30], "uv_size": [0.25, 0.25]},
								"down": {"uv": [0, 31.25], "uv_size": [0.25, -0.25]}
							}
						},
						{
							"origin": [-0.21875, 10.40626, 8.53125],
							"size": [0.0625, 0.14063, 0.25],
							"uv": {
								"east": {"uv": [31, 0], "uv_size": [0.25, 0.25]},
								"south": {"uv": [1, 31], "uv_size": [0.25, 0.25]},
								"west": {"uv": [31, 1], "uv_size": [0.25, 0.25]},
								"up": {"uv": [2, 31], "uv_size": [0.25, 0.25]},
								"down": {"uv": [31, 2.25], "uv_size": [0.25, -0.25]}
							}
						},
						{
							"origin": [-0.21875, 10.34375, 8.53125],
							"size": [0.4375, 0.0625, 0.25],
							"uv": {
								"east": {"uv": [31, 0], "uv_size": [0.25, 0.25]},
								"south": {"uv": [1, 31], "uv_size": [0.25, 0.25]},
								"west": {"uv": [31, 1], "uv_size": [0.25, 0.25]},
								"up": {"uv": [2, 31], "uv_size": [0.25, 0.25]},
								"down": {"uv": [31, 2.25], "uv_size": [0.25, -0.25]}
							}
						}
					]
				},
				{
					"name": "bullet_in_barrel",
					"parent": "slide",
					"pivot": [0, 9.29883, 2.88737],
					"rotation": [0, 0, 45],
					"cubes": [
						{
							"origin": [-0.21484, 9.08399, 2.23634],
							"size": [0.42969, 0.42969, 1.55077],
							"uv": {
								"north": {"uv": [29, 6], "uv_size": [0.5, 0.5]},
								"east": {"uv": [0, 27], "uv_size": [1.5, 0.5]},
								"south": {"uv": [7, 29], "uv_size": [0.5, 0.5]},
								"west": {"uv": [27, 1], "uv_size": [1.5, 0.5]},
								"up": {"uv": [27, 2], "uv_size": [0.5, 1.5]},
								"down": {"uv": [27, 5.5], "uv_size": [0.5, -1.5]}
							}
						},
						{
							"origin": [-0.21484, 9.08399, 3.86524],
							"size": [0.42969, 0.42969, 0.0586],
							"uv": {
								"north": {"uv": [29, 7], "uv_size": [0.5, 0.5]},
								"east": {"uv": [29, 29], "uv_size": [0.25, 0.5]},
								"south": {"uv": [8, 29], "uv_size": [0.5, 0.5]},
								"west": {"uv": [0, 30], "uv_size": [0.25, 0.5]},
								"up": {"uv": [30, 0], "uv_size": [0.5, 0.25]},
								"down": {"uv": [1, 30.25], "uv_size": [0.5, -0.25]}
							}
						},
						{
							"origin": [-0.15624, 9.14258, 3.78711],
							"size": [0.3125, 0.3125, 0.07813],
							"uv": {
								"east": {"uv": [31, 12], "uv_size": [0.25, 0.25]},
								"west": {"uv": [13, 31], "uv_size": [0.25, 0.25]},
								"up": {"uv": [31, 13], "uv_size": [0.25, 0.25]},
								"down": {"uv": [14, 31.25], "uv_size": [0.25, -0.25]}
							}
						},
						{
							"origin": [-0.16211, 9.13674, 1.88478],
							"size": [0.32421, 0.32421, 0.15625],
							"uv": {
								"north": {"uv": [31, 14], "uv_size": [0.25, 0.25]},
								"east": {"uv": [15, 31], "uv_size": [0.25, 0.25]},
								"west": {"uv": [31, 15], "uv_size": [0.25, 0.25]},
								"up": {"uv": [16, 31], "uv_size": [0.25, 0.25]},
								"down": {"uv": [31, 16.25], "uv_size": [0.25, -0.25]}
							}
						},
						{
							"origin": [-0.18554, 9.11329, 2.04103],
							"size": [0.37109, 0.37109, 0.21483],
							"uv": {
								"north": {"uv": [17, 31], "uv_size": [0.25, 0.25]},
								"east": {"uv": [31, 17], "uv_size": [0.25, 0.25]},
								"west": {"uv": [18, 31], "uv_size": [0.25, 0.25]},
								"up": {"uv": [31, 18], "uv_size": [0.25, 0.25]},
								"down": {"uv": [19, 31.25], "uv_size": [0.25, -0.25]}
							}
						},
						{
							"origin": [-0.10742, 9.19141, 1.78711],
							"size": [0.21484, 0.21484, 0.13673],
							"uv": {
								"north": {"uv": [31, 19], "uv_size": [0.25, 0.25]},
								"east": {"uv": [20, 31], "uv_size": [0.25, 0.25]},
								"west": {"uv": [31, 20], "uv_size": [0.25, 0.25]},
								"up": {"uv": [21, 31], "uv_size": [0.25, 0.25]},
								"down": {"uv": [31, 21.25], "uv_size": [0.25, -0.25]}
							}
						}
					]
				},
				{
					"name": "mag",
					"parent": "gun",
					"pivot": [0, 7, 3]
				},
				{
					"name": "left",
					"parent": "mag",
					"pivot": [-6, 11, 0]
				},
				{
					"name": "lefthand_pos",
					"parent": "left",
					"pivot": [0, 0, 0],
					"cubes": [
						{
							"origin": [-8, 0, -2],
							"size": [4, 12, 4],
							"uv": {
								"north": {"uv": [4, 0], "uv_size": [-4, 12]},
								"east": {"uv": [4, 0], "uv_size": [-4, 12]},
								"south": {"uv": [4, 0], "uv_size": [-4, 12]},
								"west": {"uv": [4, 0], "uv_size": [-4, 12]},
								"up": {"uv": [0, 4], "uv_size": [4, -4]},
								"down": {"uv": [0, 4], "uv_size": [4, -4]}
							}
						}
					]
				},
				{
					"name": "mag_and_bullet",
					"parent": "mag",
					"pivot": [0, 8, 0]
				},
				{
					"name": "bullet_new_mag",
					"parent": "mag_and_bullet",
					"pivot": [0, 8.54883, 2.88737],
					"rotation": [0, 0, 45],
					"cubes": [
						{
							"origin": [-0.21484, 8.33399, 2.23634],
							"size": [0.42969, 0.42969, 1.55077],
							"uv": {
								"north": {"uv": [29, 4], "uv_size": [0.5, 0.5]},
								"east": {"uv": [26, 14], "uv_size": [1.5, 0.5]},
								"south": {"uv": [5, 29], "uv_size": [0.5, 0.5]},
								"west": {"uv": [26, 24], "uv_size": [1.5, 0.5]},
								"up": {"uv": [25, 26], "uv_size": [0.5, 1.5]},
								"down": {"uv": [26, 26.5], "uv_size": [0.5, -1.5]}
							}
						},
						{
							"origin": [-0.21484, 8.33399, 3.86524],
							"size": [0.42969, 0.42969, 0.0586],
							"uv": {
								"north": {"uv": [29, 5], "uv_size": [0.5, 0.5]},
								"east": {"uv": [27, 29], "uv_size": [0.25, 0.5]},
								"south": {"uv": [6, 29], "uv_size": [0.5, 0.5]},
								"west": {"uv": [29, 27], "uv_size": [0.25, 0.5]},
								"up": {"uv": [28, 29], "uv_size": [0.5, 0.25]},
								"down": {"uv": [29, 28.25], "uv_size": [0.5, -0.25]}
							}
						},
						{
							"origin": [-0.15624, 8.39258, 3.78711],
							"size": [0.3125, 0.3125, 0.07813],
							"uv": {
								"east": {"uv": [3, 31], "uv_size": [0.25, 0.25]},
								"west": {"uv": [31, 3], "uv_size": [0.25, 0.25]},
								"up": {"uv": [4, 31], "uv_size": [0.25, 0.25]},
								"down": {"uv": [31, 4.25], "uv_size": [0.25, -0.25]}
							}
						},
						{
							"origin": [-0.16211, 8.38674, 1.88478],
							"size": [0.32421, 0.32421, 0.15625],
							"uv": {
								"north": {"uv": [5, 31], "uv_size": [0.25, 0.25]},
								"east": {"uv": [31, 5], "uv_size": [0.25, 0.25]},
								"west": {"uv": [6, 31], "uv_size": [0.25, 0.25]},
								"up": {"uv": [31, 6], "uv_size": [0.25, 0.25]},
								"down": {"uv": [7, 31.25], "uv_size": [0.25, -0.25]}
							}
						},
						{
							"origin": [-0.18554, 8.36329, 2.04103],
							"size": [0.37109, 0.37109, 0.21483],
							"uv": {
								"north": {"uv": [31, 7], "uv_size": [0.25, 0.25]},
								"east": {"uv": [8, 31], "uv_size": [0.25, 0.25]},
								"west": {"uv": [31, 8], "uv_size": [0.25, 0.25]},
								"up": {"uv": [9, 31], "uv_size": [0.25, 0.25]},
								"down": {"uv": [31, 9.25], "uv_size": [0.25, -0.25]}
							}
						},
						{
							"origin": [-0.10742, 8.44141, 1.78711],
							"size": [0.21484, 0.21484, 0.13673],
							"uv": {
								"north": {"uv": [10, 31], "uv_size": [0.25, 0.25]},
								"east": {"uv": [31, 10], "uv_size": [0.25, 0.25]},
								"west": {"uv": [11, 31], "uv_size": [0.25, 0.25]},
								"up": {"uv": [31, 11], "uv_size": [0.25, 0.25]},
								"down": {"uv": [12, 31.25], "uv_size": [0.25, -0.25]}
							}
						}
					]
				},
				{
					"name": "bullet_in_mag",
					"parent": "mag_and_bullet",
					"pivot": [0, 8.54883, 2.88737],
					"rotation": [0, 0, 45],
					"cubes": [
						{
							"origin": [-0.21484, 8.33399, 2.23634],
							"size": [0.42969, 0.42969, 1.55077],
							"uv": {
								"north": {"uv": [29, 2], "uv_size": [0.5, 0.5]},
								"east": {"uv": [26, 6], "uv_size": [1.5, 0.5]},
								"south": {"uv": [3, 29], "uv_size": [0.5, 0.5]},
								"west": {"uv": [26, 13], "uv_size": [1.5, 0.5]},
								"up": {"uv": [26, 22], "uv_size": [0.5, 1.5]},
								"down": {"uv": [24, 27.5], "uv_size": [0.5, -1.5]}
							}
						},
						{
							"origin": [-0.21484, 8.33399, 3.86524],
							"size": [0.42969, 0.42969, 0.0586],
							"uv": {
								"north": {"uv": [29, 3], "uv_size": [0.5, 0.5]},
								"east": {"uv": [29, 22], "uv_size": [0.25, 0.5]},
								"south": {"uv": [4, 29], "uv_size": [0.5, 0.5]},
								"west": {"uv": [23, 29], "uv_size": [0.25, 0.5]},
								"up": {"uv": [29, 23], "uv_size": [0.5, 0.25]},
								"down": {"uv": [24, 29.25], "uv_size": [0.5, -0.25]}
							}
						},
						{
							"origin": [-0.15624, 8.39258, 3.78711],
							"size": [0.3125, 0.3125, 0.07813],
							"uv": {
								"east": {"uv": [13, 30], "uv_size": [0.25, 0.25]},
								"west": {"uv": [30, 13], "uv_size": [0.25, 0.25]},
								"up": {"uv": [14, 30], "uv_size": [0.25, 0.25]},
								"down": {"uv": [30, 14.25], "uv_size": [0.25, -0.25]}
							}
						},
						{
							"origin": [-0.16211, 8.38674, 1.88478],
							"size": [0.32421, 0.32421, 0.15625],
							"uv": {
								"north": {"uv": [15, 30], "uv_size": [0.25, 0.25]},
								"east": {"uv": [30, 15], "uv_size": [0.25, 0.25]},
								"west": {"uv": [16, 30], "uv_size": [0.25, 0.25]},
								"up": {"uv": [30, 16], "uv_size": [0.25, 0.25]},
								"down": {"uv": [17, 30.25], "uv_size": [0.25, -0.25]}
							}
						},
						{
							"origin": [-0.18554, 8.36329, 2.04103],
							"size": [0.37109, 0.37109, 0.21483],
							"uv": {
								"north": {"uv": [30, 17], "uv_size": [0.25, 0.25]},
								"east": {"uv": [18, 30], "uv_size": [0.25, 0.25]},
								"west": {"uv": [30, 18], "uv_size": [0.25, 0.25]},
								"up": {"uv": [19, 30], "uv_size": [0.25, 0.25]},
								"down": {"uv": [30, 19.25], "uv_size": [0.25, -0.25]}
							}
						},
						{
							"origin": [-0.10742, 8.44141, 1.78711],
							"size": [0.21484, 0.21484, 0.13673],
							"uv": {
								"north": {"uv": [20, 30], "uv_size": [0.25, 0.25]},
								"east": {"uv": [30, 20], "uv_size": [0.25, 0.25]},
								"west": {"uv": [21, 30], "uv_size": [0.25, 0.25]},
								"up": {"uv": [30, 21], "uv_size": [0.25, 0.25]},
								"down": {"uv": [22, 30.25], "uv_size": [0.25, -0.25]}
							}
						}
					]
				},
				{
					"name": "magazine",
					"parent": "mag_and_bullet",
					"pivot": [0, 7, 3]
				},
				{
					"name": "mag_standard",
					"parent": "magazine",
					"pivot": [0, 5.25, 8],
					"cubes": [
						{
							"origin": [-0.5, 5, 1.5],
							"size": [1, 3.5, 2.75],
							"uv": {
								"north": {"uv": [15, 9], "uv_size": [1, 3.5]},
								"east": {"uv": [12, 9], "uv_size": [2.75, 3.5]},
								"south": {"uv": [20, 13], "uv_size": [1, 3.5]},
								"west": {"uv": [3, 13], "uv_size": [2.75, 3.5]},
								"up": {"uv": [3, 10], "uv_size": [1, 2.75]}
							}
						},
						{
							"origin": [-0.625, 4.25, 1.375],
							"size": [1.25, 0.75, 3],
							"uv": {
								"north": {"uv": [25, 21], "uv_size": [1.25, 0.75]},
								"east": {"uv": [22, 12], "uv_size": [3, 0.75]},
								"south": {"uv": [24, 25], "uv_size": [1.25, 0.75]},
								"west": {"uv": [16, 22], "uv_size": [3, 0.75]},
								"up": {"uv": [18, 19], "uv_size": [1.25, 3]},
								"down": {"uv": [20, 3], "uv_size": [1.25, -3]}
							}
						}
					]
				},
				{
					"name": "mag_extended_1",
					"parent": "magazine",
					"pivot": [0, 4.25, 8],
					"cubes": [
						{
							"origin": [-0.5, 4, 1.5],
							"size": [1, 4.5, 2.75],
							"uv": {
								"north": {"uv": [12, 17], "uv_size": [1, 4.5]},
								"east": {"uv": [0, 10], "uv_size": [2.75, 4.5]},
								"south": {"uv": [13, 17], "uv_size": [1, 4.5]},
								"west": {"uv": [10, 4], "uv_size": [2.75, 4.5]},
								"up": {"uv": [4, 21], "uv_size": [1, 2.75]}
							}
						},
						{
							"origin": [-0.625, 3.25, 1.375],
							"size": [1.25, 0.75, 3],
							"uv": {
								"north": {"uv": [25, 19], "uv_size": [1.25, 0.75]},
								"east": {"uv": [22, 10], "uv_size": [3, 0.75]},
								"south": {"uv": [25, 20], "uv_size": [1.25, 0.75]},
								"west": {"uv": [22, 11], "uv_size": [3, 0.75]},
								"up": {"uv": [7, 19], "uv_size": [1.25, 3]},
								"down": {"uv": [16, 22], "uv_size": [1.25, -3]}
							}
						}
					]
				},
				{
					"name": "mag_extended_2",
					"parent": "magazine",
					"pivot": [0, 3.25, 8],
					"cubes": [
						{
							"origin": [-0.5, 3, 1.5],
							"size": [1, 5.5, 2.75],
							"uv": {
								"north": {"uv": [11, 15], "uv_size": [1, 5.5]},
								"east": {"uv": [4, 7], "uv_size": [2.75, 5.5]},
								"south": {"uv": [16, 9], "uv_size": [1, 5.5]},
								"west": {"uv": [7, 7], "uv_size": [2.75, 5.5]},
								"up": {"uv": [10, 21], "uv_size": [1, 2.75]}
							}
						},
						{
							"origin": [-0.625, 2.25, 1.375],
							"size": [1.25, 0.75, 3],
							"uv": {
								"north": {"uv": [25, 17], "uv_size": [1.25, 0.75]},
								"east": {"uv": [6, 22], "uv_size": [3, 0.75]},
								"south": {"uv": [25, 18], "uv_size": [1.25, 0.75]},
								"west": {"uv": [22, 9], "uv_size": [3, 0.75]},
								"up": {"uv": [5, 19], "uv_size": [1.25, 3]},
								"down": {"uv": [19, 8], "uv_size": [1.25, -3]}
							}
						}
					]
				},
				{
					"name": "mag_extended_3",
					"parent": "magazine",
					"pivot": [0, 2.25, 8],
					"cubes": [
						{
							"origin": [-0.5, 2, 1.5],
							"size": [1, 6.5, 2.75],
							"uv": {
								"north": {"uv": [0, 15], "uv_size": [1, 6.5]},
								"east": {"uv": [4, 0], "uv_size": [2.75, 6.5]},
								"south": {"uv": [1, 15], "uv_size": [1, 6.5]},
								"west": {"uv": [7, 0], "uv_size": [2.75, 6.5]},
								"up": {"uv": [11, 21], "uv_size": [1, 2.75]}
							}
						},
						{
							"origin": [-0.625, 1.25, 1.375],
							"size": [1.25, 0.75, 3],
							"uv": {
								"north": {"uv": [25, 15], "uv_size": [1.25, 0.75]},
								"east": {"uv": [22, 1], "uv_size": [3, 0.75]},
								"south": {"uv": [25, 16], "uv_size": [1.25, 0.75]},
								"west": {"uv": [22, 2], "uv_size": [3, 0.75]},
								"up": {"uv": [18, 13], "uv_size": [1.25, 3]},
								"down": {"uv": [18, 19], "uv_size": [1.25, -3]}
							}
						}
					]
				},
				{
					"name": "gun_positioning",
					"parent": "gun",
					"pivot": [0, 8, 0]
				},
				{
					"name": "muzzle_flash",
					"parent": "gun_positioning",
					"pivot": [0, 9.25, -3.5]
				},
				{
					"name": "muzzle_pos",
					"parent": "gun_positioning",
					"pivot": [0, 9.25, -1]
				},
				{
					"name": "shell",
					"parent": "gun_positioning",
					"pivot": [0, 9.75, 2.75]
				},
				{
					"name": "constraint",
					"parent": "gun",
					"pivot": [0, 10.75, -0.5]
				},
				{
					"name": "flash_illuminated",
					"parent": "gun",
					"pivot": [0, 9.25, -0.6875],
					"cubes": [
						{
							"origin": [-0.25, 9, -0.6875],
							"size": [0.5, 0.5, 0],
							"uv": {
								"south": {"uv": [64, 32], "uv_size": [-32, 32]}
							}
						}
					]
				},
				{
					"name": "additional_magazine",
					"parent": "gun",
					"pivot": [0, 7, 3]
				},
				{
					"name": "bullet_additional_mag",
					"parent": "additional_magazine",
					"pivot": [0, 8.54883, 2.88737],
					"rotation": [0, 0, 45],
					"cubes": [
						{
							"origin": [-0.21484, 8.33399, 2.23634],
							"size": [0.42969, 0.42969, 1.55077],
							"uv": {
								"north": {"uv": [29, 4], "uv_size": [0.5, 0.5]},
								"east": {"uv": [26, 14], "uv_size": [1.5, 0.5]},
								"south": {"uv": [5, 29], "uv_size": [0.5, 0.5]},
								"west": {"uv": [26, 24], "uv_size": [1.5, 0.5]},
								"up": {"uv": [25, 26], "uv_size": [0.5, 1.5]},
								"down": {"uv": [26, 26.5], "uv_size": [0.5, -1.5]}
							}
						},
						{
							"origin": [-0.21484, 8.33399, 3.86524],
							"size": [0.42969, 0.42969, 0.0586],
							"uv": {
								"north": {"uv": [29, 5], "uv_size": [0.5, 0.5]},
								"east": {"uv": [27, 29], "uv_size": [0.25, 0.5]},
								"south": {"uv": [6, 29], "uv_size": [0.5, 0.5]},
								"west": {"uv": [29, 27], "uv_size": [0.25, 0.5]},
								"up": {"uv": [28, 29], "uv_size": [0.5, 0.25]},
								"down": {"uv": [29, 28.25], "uv_size": [0.5, -0.25]}
							}
						},
						{
							"origin": [-0.15624, 8.39258, 3.78711],
							"size": [0.3125, 0.3125, 0.07813],
							"uv": {
								"east": {"uv": [3, 31], "uv_size": [0.25, 0.25]},
								"west": {"uv": [31, 3], "uv_size": [0.25, 0.25]},
								"up": {"uv": [4, 31], "uv_size": [0.25, 0.25]},
								"down": {"uv": [31, 4.25], "uv_size": [0.25, -0.25]}
							}
						},
						{
							"origin": [-0.16211, 8.38674, 1.88478],
							"size": [0.32421, 0.32421, 0.15625],
							"uv": {
								"north": {"uv": [5, 31], "uv_size": [0.25, 0.25]},
								"east": {"uv": [31, 5], "uv_size": [0.25, 0.25]},
								"west": {"uv": [6, 31], "uv_size": [0.25, 0.25]},
								"up": {"uv": [31, 6], "uv_size": [0.25, 0.25]},
								"down": {"uv": [7, 31.25], "uv_size": [0.25, -0.25]}
							}
						},
						{
							"origin": [-0.18554, 8.36329, 2.04103],
							"size": [0.37109, 0.37109, 0.21483],
							"uv": {
								"north": {"uv": [31, 7], "uv_size": [0.25, 0.25]},
								"east": {"uv": [8, 31], "uv_size": [0.25, 0.25]},
								"west": {"uv": [31, 8], "uv_size": [0.25, 0.25]},
								"up": {"uv": [9, 31], "uv_size": [0.25, 0.25]},
								"down": {"uv": [31, 9.25], "uv_size": [0.25, -0.25]}
							}
						},
						{
							"origin": [-0.10742, 8.44141, 1.78711],
							"size": [0.21484, 0.21484, 0.13673],
							"uv": {
								"north": {"uv": [10, 31], "uv_size": [0.25, 0.25]},
								"east": {"uv": [31, 10], "uv_size": [0.25, 0.25]},
								"west": {"uv": [11, 31], "uv_size": [0.25, 0.25]},
								"up": {"uv": [31, 11], "uv_size": [0.25, 0.25]},
								"down": {"uv": [12, 31.25], "uv_size": [0.25, -0.25]}
							}
						}
					]
				},
				{
					"name": "right",
					"parent": "root",
					"pivot": [6, 11, 0]
				},
				{
					"name": "righthand_pos",
					"parent": "right",
					"pivot": [0, 0, 0],
					"cubes": [
						{
							"origin": [4, 0, -2],
							"size": [4, 12, 4],
							"uv": {
								"north": {"uv": [0, 0], "uv_size": [4, 12]},
								"east": {"uv": [0, 0], "uv_size": [4, 12]},
								"south": {"uv": [0, 0], "uv_size": [4, 12]},
								"west": {"uv": [0, 0], "uv_size": [4, 12]},
								"up": {"uv": [4, 4], "uv_size": [-4, -4]},
								"down": {"uv": [4, 4], "uv_size": [-4, -4]}
							}
						}
					]
				},
				{
					"name": "view",
					"pivot": [0, 0, 0]
				},
				{
					"name": "iron_view",
					"parent": "view",
					"pivot": [0, 10.5625, 17]
				},
				{
					"name": "idle_view",
					"parent": "view",
					"pivot": [3, 13.5, 20]
				},
				{
					"name": "refit_view",
					"parent": "view",
					"pivot": [18, 6, 4],
					"rotation": [0, 90, 0]
				},
				{
					"name": "refit_muzzle_view",
					"parent": "view",
					"pivot": [8, 9, -5],
					"rotation": [0, 107.5, 0]
				},
				{
					"name": "refit_extended_mag_view",
					"parent": "view",
					"pivot": [9, 2, 3],
					"rotation": [0, 90, 10]
				},
				{
					"name": "positioning",
					"pivot": [0, 0, 0]
				},
				{
					"name": "thirdperson_hand",
					"parent": "positioning",
					"pivot": [0, 6.75, 7.5]
				},
				{
					"name": "ground",
					"parent": "positioning",
					"pivot": [0, 1, 5]
				},
				{
					"name": "fixed",
					"parent": "positioning",
					"pivot": [-1, 7.1, 5],
					"rotation": [0, -90, 0]
				},
				{
					"name": "camera",
					"pivot": [3, 13.5, 20]
				}
			]
		}
	]
}